#,Product Name,Product ID,Category,Price (PKR),Description (first 90 chars)
1,Branded Scarves For Winter,hhc-708377,Automotive,2500,"Product Details :
Size :

 	70/180 cm

Material :

 	Silky pashmina"
2,(Diary of a Wimpy Kid Book 17) Diaper Over Load(English Edition) KS (book),hhc-700117,Books & Stationery,849,"product details
&lt;p&gt;In&amp;nbsp;Diper Överlöde, book 17 of the Diary of a Wimpy Kid "
3,101 Essays That Will Change The Way You Think A Novel By Brianna Wiest Best Selling Novel KS (book),hhc-723120,Books & Stationery,849,"&nbsp;

In 101 Essays That Will Change the Way You Think, bestselling author and poet Br"
4,13 Things Mentally Strong People Don't Do Best Selling Novel (book),hhc-717490,Books & Stationery,849,"&lt;p&gt;13 Things Mentally Strong People Don't Do &lt;/p&gt;&lt;p style=""margin: 0;paddin"
5,1Pc Children Pencil Holder Tools Silicone Two Finger Ergonomic Posture Correction Tools Pencil Grip Writing Aid Grip(random color),hhc-824858,Books & Stationery,299,Product detailsMaterial:Silicone MaterialDimensions:Diameter 8mm holePerformance:Non-toxic
6,A Good Girl’s Guide to Murder A Novel By Holly Jackson KS A good girl guide to murder (book),hhc-723271,Books & Stationery,849,"product details
description
A Good Girl's Guide to Murder was inspired largely by True C"
7,A Thousand Splendid Suns Novel by Khalid (book),hhc-717694,Books & Stationery,1100,"A Thousand Splendid Suns Novel by Khalid &lt;p style=""margin: 0;padding: 8.0px 0;white-spa"
8,Ali.baba: The House That Jack Ma Built Book by Duncan Clark (book),hhc-700177,Books & Stationery,849,"product details
Ali.baba: The House That Jack Ma Built Book by Duncan Clark &lt;p style="""
9,And the Mountains Echoed Khaled Husseini (book),hhc-717516,Books & Stationery,849,"&lt;p&gt;And the Mountains Echoed &lt;/p&gt;&lt;p style=""margin: 0;padding: 8.0px 0;white-"
10,ATOMIC HABITS BY JAMES CLEAR,hhc-700169,Books & Stationery,849,"product details
 Atomic Habits: An Easy &amp; Proven Way to Build Good Habits &amp; Break"
11,Atomic Habits by James Clear (book),hhc-705890,Books & Stationery,749,"product details
Book Name: Atomic Habits

Writer : James Clear
Total Pages : 272
Lang"
12,Believe Me By Tahereh Mafi Novel KS (book),hhc-717583,Books & Stationery,849,&lt;p&gt;The Breath-Taking And Heart-Pounding Final Instalment In The New York Times Bests
13,Better Than the Movies by Lynn Painter Best Novel KS (book),hhc-723216,Books & Stationery,849,"product details
description
It's perfectly charming, funny, quirky, and sweet, yet it de"
14,Chaki aur Darya    (Childhood Stories) (book),hhc-700083,Books & Stationery,999,"product details
ul&gt;_x000D_ &lt;li&gt;Quality product&lt;/li&gt;_x000D_ &lt;li&gt;Child"
15,Charlie and the Chocolate Factory Novel by Roald Dahl (book),hhc-723288,Books & Stationery,1100,"product details
It tells the story of a young boy named Charlie Bucket, who wins a golden"
16,Confess by Colleen Hoover (book),hhc-700464,Books & Stationery,849,"product details
Confess by Colleen Hoover &lt;p style=""margin: 0;padding: 8.0px 0;white-s"
17,Diary of an Awesome Friendly Kid: Rowley Jefferson's Journal (book),hhc-723295,Books & Stationery,1100,"product details
description
From the imagination of Rowley Jefferson comes an adventure "
18,Diwan e Ghalib by Asad Ullah Ghalib (Urdu Adab Literature Explaination Tashrih) (book),hhc-700076,Books & Stationery,599,"product details
&lt;p&gt;Book Title:Diwan-e-GhalibAuthor:Asad Ullah GhalibPublisher:Rabia"
19,Eat That Frog by Brian Tracy (book),hhc-700444,Books & Stationery,849,"product details
Eat That Frog by Brian Tracy &lt;p style=""margin: 0;padding: 8.0px 0;whit"
20,EGO is the Enemy The Fight to Master_Our Greatest Opponent Book By Ryan Holiday (book),hhc-700113,Books & Stationery,849,"product details
&lt;p&gt;Ego_is the Enemy The Fight to Master_Our Greatest Opponent Book "
21,Final Offer A Novel By Lauren Asher Best Selling KS (book),hhc-723102,Books & Stationery,849,Definitely a summer book! This story is about Cal completing the task left to him by his g
22,Gehma Gehmi novel by Mumtaz Mufti best selling urdu reading book,hhc-723301,Books & Stationery,999,"product details
&lt;p&gt;Gehma Gehmi novel by Mumtaz Mufti best selling urdu reading book"
23,"Good Girl, Bad Blood A Novel by Holly Jackson Best Reading Novel KS (book)",hhc-723035,Books & Stationery,849,The author mentioned in an interview that the twist was inspired by two real-life crimes b
24,Goya by jaun Elia,hhc-705799,Books & Stationery,1300,"product details
Book Name: Goya

Writer : John Elia
Total Pages : 307
Language: Urdu"
25,Gumaan by jaun Elia,hhc-705789,Books & Stationery,1100,"product details
Book Name: Gumaan
Writer : John Elia
Total Pages : 238
Language: Urdu"
26,Heart Bones Best Selling Novel By Colleen Hoover KS (book),hhc-723155,Books & Stationery,849,"&nbsp;

follows two young adults from completely different backgrounds embarking on a te"
27,How to Get What You Want and Want What You Have Book by John Gray (book),hhc-722985,Books & Stationery,1100,"Whenever you are not getting what you need, you are always looking in the wrong direction."
28,Hum Kaha Kay Sachay Thay Novel By Umaira Ahmad Pakistan's Best selling Urdu Reading Book,hhc-728323,Books & Stationery,949,"product details
&lt;ul&gt; &lt;li&gt;Hum Kaha Kay Sachay Thay Novel By Umaira Ahmad Pakis"
29,Hurf Say Lafz Tak Novel By Umaira Ahmad Hurf Harf Se Lafz Tak By Umera Ahmed / Umaira Ahmad (book),hhc-700088,Books & Stationery,849,"product details
ul&gt; &lt;li&gt;Hurf Say Lafz Tak Novel By Umaira Ahmad Pakistan's Best "
30,Icebreaker: A Novel by Hannah Grace Best Selling KS,hhc-717447,Books & Stationery,849,"&lt;p data-spm-anchor-id=""0.0.0.i15.61497463WEsv8a""&gt;Icebreaker: A Novel &lt;br/&gt;by H"
31,IKIGAI: The Japanese Secret to a Long Happy Life,hhc-700185,Books & Stationery,849,"product details
IKIGAI: The Japanese Secret to a Long Happy Life BEST QUALITY"
32,Iman Afroz Sabak Amoz Sachay Waqiyat (book),hhc-717820,Books & Stationery,1300,&lt;ul&gt;&lt;li&gt;Quality Book&lt;/li&gt;&lt;li&gt;Informative&lt;/li&gt;&lt;li&gt;Colou
33,It Ends with Us by Colleen Hoover (book),hhc-717560,Books & Stationery,849,"&lt;p&gt;It Ends with Us by Colleen Hoover &lt;/p&gt;&lt;p style=""margin: 0;padding: 8.0px"
34,It Ends With Us by Colleen Hoover (book),hhc-705840,Books & Stationery,749,"product details
Book Name: It Ends With Us

Writer : Colleen Hoover
Total Pages : 302"
35,It Starts with Us by Colleen Hoover (book),hhc-728066,Books & Stationery,599,"product details
&lt;p&gt;Total Pages&amp;nbsp; : 247 in this book&lt;/p&gt; &lt;p&gt;It S"
36,Jannat Ke Pattey by Nimra Ahmed,hhc-705908,Books & Stationery,2000,"product details
Book Name: Jannat Ke Pattey

Writer : Nimra Ahmed
Total Pages : 544
L"
37,Karakoram Ka Taj Mehal Urdu Novel By Nimra Ahmed KS (book),hhc-717859,Books & Stationery,1100,Book Name: Karakoram Ka Taj Mahal ( قراقرم کا تاج محل )Book Page: 320Book Authors: Nimra A
38,King of Pride By Ana Huang Novel KS (book),hhc-728044,Books & Stationery,849,"product details
About 'King of Pride'
description
The plot revolves around Kai and Isab"
39,King of Wrath  By Ana Huang Novel KS (book),hhc-728002,Books & Stationery,849,"product details
Is King of Wrath a novel?
King of Wrath is a steamy arranged marriage/bi"
40,Likin by John Elia (book),hhc-705936,Books & Stationery,1100,"product details
Book Name: Likin

Writer : John Elia
Total Pages : 250
Language: Urdu"
41,LIMITLESS By JIM KWIK (book),hhc-700285,Books & Stationery,849,"product details
LIMITLESS By JIM KWIK &lt;p style=""margin: 0;padding: 8.0px 0;white-space"
42,Love From A to Z By S.K. Ali Novel KS,hhc-723054,Books & Stationery,849,"Love from A to Z follows protagonists Zayneb and Adam, who travel to Doha, Qatar – from th"
43,Magic Coloring Book with Water Pen(random book ),hhc-798359,Books & Stationery,449,"product details

 	Just fill the water in the pen and do painting on the magic book
 	"
44,Me &amp; Rumi The Autobiography Of Shams i Tabrizi By William C. Chittick (book),hhc-717700,Books & Stationery,849,"Me &amp; Rumi The Autobiography Of Shams i Tabrizi By William C. Chittick &lt;p style=""mar"
45,Muriel Maufroy Rumis Daughter (book),hhc-717711,Books & Stationery,849,"Me &amp; Rumi The Autobiography Of Shams i Tabrizi By William C. Chittick &lt;p style=""mar"
46,My Awesome Activity Book,hhc-717787,Books & Stationery,1100,Activity book helps to develop the early creative skills. Filled with engaging activities 
47,My Picture Dictionary  A (book),hhc-717738,Books & Stationery,1100,&lt;ul&gt;&lt;li&gt;Learning Books&lt;br/&gt;&lt;/li&gt;&lt;li&gt;Quality Product&lt;/li&g
48,Normal People (book),hhc-717842,Books & Stationery,849,"Normal People &lt;p style=""margin: 0;padding: 8.0px 0;white-space: pre-wrap;""&gt;BEST QUAL"
49,One Of Us Is Next Novel by Karen M. McManus Best Selling KS (book),hhc-723192,Books & Stationery,849,"description
The story of One of Us is Next portrays the importance of forgiving others ev"
50,Peer e Kamil by Umera Ahmed (book),hhc-705900,Books & Stationery,1700,"product details
Book Name: Peer e Kamil

Writer : Umera Ahmed
Total Pages : 525
Langu"
51,Raja Gidh by Bano Qusia (book),hhc-705918,Books & Stationery,2000,"product details
Book Name: Raja Gidh

Writer : Bano Qusia
Total Pages : 452
Language:"
52,Reclaim Your Heart by Yasmin Mogahed ( Yasmeen Mogahed ) (book),hhc-700482,Books & Stationery,849,"product details
Reclaim Your Heart by Yasmin Mogahed ( Yasmeen Mogahed &lt;p style=""margi"
53,Red White &amp; Royal Blue: A Novel By Casey McQuiston Best Selling Novel KS,hhc-717435,Books & Stationery,849,Red White &amp; Royal Blue: A Novel By Casey McQuiston Best Selling Novel KS
54,Reminders of Him by Colleen Hoover (book),hhc-700121,Books & Stationery,849,"product details
&lt;p&gt;Reminders of Him by Colleen Hoover&lt;br /&gt; &lt;br /&gt; Best"
55,Restore Me By Tahereh Mafi Best Novel KS (book),hhc-723282,Books & Stationery,849,"product details
&lt;p&gt;An Instant New York Times Bestseller Juliette And Warner'S Story"
56,Reveal Me By Tahereh Mafi KS (book),hhc-723279,Books & Stationery,849,"product details
description
This novella takes place from Kenji's perspective after the "
57,ROWLEY JEFFERSON'S AWESOME FRIENDLY ADVENTURE (book),hhc-717881,Books & Stationery,1100,"ROWLEY JEFFERSON'S AWESOME FRIENDLY ADVENTURE &lt;p style=""margin: 0;padding: 8.0px 0;whit"
58,Sea Prayer by Khaled Hosseini Novel KS (book),hhc-700143,Books & Stationery,849,"product details
&lt;p&gt;Sea Prayer by Khaled Hosseini &lt;/p&gt;&lt;p style=""margin: 0;p"
59,SELL LIKE CRAZY BY SABRI SUBY (book),hhc-717890,Books & Stationery,849,"As the founder of King Kong, a digital marketing agency, Suby has achieved immense success"
60,SELL LIKE CRAZY BY SABRI SUBY (book),hhc-700093,Books & Stationery,849,"product details
SELL LIKE CRAZY BY SABRI SUBY &lt;p style=""margin: 0;padding: 8.0px 0;whi"
61,Shayad by John Elia (book),hhc-705947,Books & Stationery,1300,"product details
Book Name: Shayad

Writer : John Elia
Total Pages : 312
Language: Urd"
62,Teaching of Rumi by Andrew Harvey (book),hhc-723013,Books & Stationery,849,This collection of versions of Rumi by Andrew Harvey contains some of the master's most lu
63,Terms and Conditions: Novel By Lauren Asher Best Selling Novel KS (book),hhc-723143,Books & Stationery,849,This book follows Declan who has to complete his grandfather's inheritance clause by getti
64,Thanda Gosht by Saadat Hasan Manto Best selling urdu reading book,hhc-728338,Books & Stationery,1100,"product details
&lt;ul&gt; &lt;li&gt;Premium quality&lt;/li&gt; &lt;li&gt;Best selling&lt"
65,The 7 Habits Of Highly Effective People (book),hhc-717895,Books & Stationery,849,"""The 7 Habits of Highly Effective People"" by Stephen R. Covey provides a transformative gu"
66,The Alchemist by Paulo Coelho (book),hhc-700050,Books & Stationery,749,"product details
The Alchemist by Paulo Coelho &lt;p style=""margin: 0;padding: 8.0px 0;whi"
67,The Art of Reading Minds by Henrik Fexeus,hhc-700297,Books & Stationery,849,"product details
The Art of Reading Minds by Henrik Fexeus &lt;p style=""margin: 0;padding:"
68,The BFG by Roald Dahl Novel (book),hhc-728058,Books & Stationery,849,"product details
&lt;p&gt;The BFG by Roald Dahl Novel &lt;/p&gt;&lt;p style=""margin: 0;pad"
69,The Fine Print A Novel By Lauren Asher Best Selling KS (book),hhc-723153,Books & Stationery,849,The Fine Print by Lauren Asher is a contemporary romance. This is also the first book in D
70,The Forty Rules Of Love by Elif Shafak (book),hhc-705822,Books & Stationery,749,"product details
Book Name: The Forty Rules Of Love

Writer : Elif Shafak
Total Pages :"
71,The Forty Rules of Love: A Novel of Elif Shafaq (book),hhc-700313,Books & Stationery,849,"product details
The Forty Rules of Love: A Novel of Elif Shafaq &lt;p style=""margin: 0;pa"
72,The Islamic Enlightenment: The Modern Struggle Between Faith (book),hhc-723025,Books & Stationery,1300,"Enlightenment, both spiritual and mental, can be attained by having belief in Allah by use"
73,The Kite_Runner by Khaled Hosseini (KiteRunner) (book),hhc-717721,Books & Stationery,849,"The Kite_Runner by Khaled Hosseini (KiteRunner) &lt;p style=""margin: 0;padding: 8.0px 0;wh"
74,The Leader Who Had No Title by Robin Sharma (book),hhc-717732,Books & Stationery,849,"The Leader Who Had No Title by Robin Sharma &lt;p style=""margin: 0;padding: 8.0px 0;white-"
75,the maidens the silent patient alex michaelides (book),hhc-700317,Books & Stationery,849,"product details
the maidens the silent patient alex michaelides &lt;p style=""margin: 0;pa"
76,The Midnight Library - Matt Haig Best Novel KS (book),hhc-717531,Books & Stationery,849,"&lt;p&gt;Between life and death there is a library, and within that library, the shelves g"
77,The Monk Who Sold His Ferr/ari by Robin S. Sharma (book),hhc-700333,Books & Stationery,849,"product details
The Monk Who Sold His Ferr/ari by Robin S. Sharma &lt;p style=""margin: 0;"
78,The Power of Positive Thinking (book),hhc-717763,Books & Stationery,949,"The Power of Positive Thinking &lt;p style=""margin: 0;padding: 8.0px 0;white-space: pre-wr"
79,The Psychology Of Money By Morgan Housel (book),hhc-717751,Books & Stationery,849,"The Psychology Of Money By Morgan Housel &lt;p style=""margin: 0;padding: 8.0px 0;white-spa"
80,The Reluctant Fundamentalist Novel by Mohsin Hamid (book),hhc-700422,Books & Stationery,849,"product details
The Reluctant Fundamentalist Novel by Mohsin Hamid &lt;p style=""margin: 0"
81,The Secret by Rhonda Byrne best English novel (book),hhc-717598,Books & Stationery,849,"&lt;p&gt;The Secret by Rhonda Byrne &lt;/p&gt;&lt;p style=""margin: 0;padding: 8.0px 0;whit"
82,The Silent Patient Book By Alex Michaelides (book),hhc-700063,Books & Stationery,749,"product details
The Silent Patient Book By Alex Michaelides &lt;p style=""margin: 0;paddin"
83,The Silent Patient by Alex Michaelides (book),hhc-705830,Books & Stationery,849,"product details
Book Name:The Silent Patient

Writer : Alex Michaelides
Total Pages : "
84,The Subtle Art Of Not Giving A F*Ck By Mark Manson (book),hhc-700148,Books & Stationery,849,"product details
&lt;p&gt;The Subtle Art of Not Giving A F_u_c_k Mark Manson&lt;/p&gt;_x00"
85,Things We Hide from the Light Novel By Lucy Score Best Selling KS (book),hhc-723214,Books & Stationery,849,"product details
description
“Things We Hide from the Light,” Lucy Score tells the tale o"
86,Think and Grow Rich (book),hhc-700350,Books & Stationery,849,"product details
Think and Grow Rich &lt;p style=""margin: 0;padding: 8.0px 0;white-space: "
87,Think And Grow Rich by Napoleon Hill (book),hhc-705930,Books & Stationery,849,"product details
Book Name: Think And Grow Rich

Writer : Napoleon Hill
Total Pages : 3"
88,Think And Grow Rich in black Cover (book),hhc-700432,Books & Stationery,849,"product details
&lt;p&gt;Think And Grow Rich in black Cover &lt;/p&gt;&lt;p style=""margin"
89,Think Like a Monk A Novel By Jay Shetty Best Selling Novel KS (book),hhc-723137,Books & Stationery,1100,"Is Think Like A Monk Worth It? Yes, definitely. If have confusions or lack of clarity abou"
90,To Kill a Mockingbird Novel by Harper Lee Best Selling Novel KS (book),hhc-717871,Books & Stationery,849,&lt;ul&gt;&lt;li&gt;To Kill a Mockingbird Novel by Harper Lee&lt;br/&gt;The unforgettable 
91,Traction: Get A Grip On Your Business Book by Gino Wickman (book),hhc-728321,Books & Stationery,999,"product details
&lt;p&gt;Traction: Get A Grip On Your Business Book by Gino Wickman &lt;/"
92,Twisted Games by  Ana Huang (book),hhc-705856,Books & Stationery,849,"product details
Book Name: Twisted Games

Writer : Ana Huang
Total Pages : 383
Langua"
93,Twisted Games by Ana Huang KS (book),hhc-717619,Books & Stationery,949,&lt;p&gt;Twisted Game - Total Pages..392&lt;br/&gt;Best Quality&amp;nbsp;&lt;br/&gt;&lt;/p
94,Twisted Hate by Ana Huang,hhc-705872,Books & Stationery,849,"product details
Book Name: Twisted Hate

Writer : Ana Huang
Total Pages : 487
Languag"
95,Twisted Hate by Ana Huang KS (book),hhc-717464,Books & Stationery,949,"&lt;p data-we-empty-p="""" data-spm-anchor-id=""0.0.0.i26.61497463q61Y0q""&gt;Twisted Hate&amp"
96,Twisted Lies by Ana Huang,hhc-705860,Books & Stationery,849,"product details
Writer : Ana Huang
Total Pages : 447
Language: English
Best Reading En"
97,Twisted Lies by Ana Huang KS (book),hhc-717683,Books & Stationery,949,&lt;p&gt;Twisted Lies - Total Pages..446&lt;br/&gt;Best Quality&amp;nbsp;&lt;br/&gt;&lt;/p
98,Twisted love by Ana Huang,hhc-705809,Books & Stationery,849,"product details
Book Name: Twisted Love

Writer : Ana Huang
Total Pages : 310
Languag"
99,Twisted Love by Ana Huang (book),hhc-705882,Books & Stationery,849,"product details
Book Name: Twisted Love

Writer : Ana Huang
Total Pages : 310
Languag"
100,Ugly Love By Colleen Hoover Novel (book),hhc-700458,Books & Stationery,949,"product details
Ugly Love By Colleen Hoover Novel &lt;p style=""margin: 0;padding: 8.0px 0"
101,Unite Me By Tahereh Mafi Best Novel KS (book),hhc-723175,Books & Stationery,849,"&nbsp;

description
As the Omega Point rebels prepare to fight the Sector 45 soldiers, "
102,Urdu: Alchemist Urdu Novel By Paulo Coelho (book),hhc-700072,Books & Stationery,949,"product details
&lt;p&gt;Alchemist Urdu Novel By Paulo Coelho &lt;/p&gt;&lt;p style=""marg"
103,Verity Book Novel by Colleen Hoover (book),hhc-700162,Books & Stationery,849,"product details
&lt;p&gt;Total Pages&amp;nbsp; : 286 in this book&lt;/p&gt; &lt;p&gt;Veri"
104,yani by jaun Elia (book),hhc-705479,Books & Stationery,1100,"product details
Book Name: Yani
Writer : Jaun Elia
Total Pages : 206
Language: Urdu
B"
105,E-Charge Wallet Deluxe Portable Mobile Charger Power Bank And Credit Card Case,hhc-1204328,Fashion,4800,"High quality
 	Durable
 	Precise for your phone
 	Battery: 2500 mAH




 	Holds en"
106,katan silk  3pc suit Embroidered Shirt organza Dupatta masoori  trouser ( pink ),hhc-1015388,Fashion,4300,"product details

 	Color pink
 	Fabric: katan silk
 	 Embroidered Shirt
 	Dupata orga"
107,Long Press on Nails 24 Pcs Matte Perfection – O.two.o Nail Polish For A Luxe Look | Best Nails For Women,hhc-3139739,Fashion,2300,"Product Description:
Add a pop of color and personality to your fingertips with O.TWO.O N"
108,Mehndi Art stickers for hand (6pcs),hhc-766038,Fashion,599,"Product details of Mehndi Steaker Six Design Sheet




 	Water proof
 	Easy to patch"
109,Nikai 11 in 1 Beard Super Grooming Set | Best for Men Hair and Beard | Nk-2212,hhc-1234694,Fashion,18700,"Speedy motor
 	Simple to use
 	Comfortable grip
 	Heat resistant
 	Sharp blades
 	lon"
110,"NIKAI 5 in 1, Grooming kit | Nk-2261",hhc-1234746,Fashion,17200,"DETAILS

 	5 IN 1 Complete Shaving and Grooming Kit
 	Best For Daily Use
 	Leave Skin "
111,Philco 4 in1 grooming kit | Professional Grooming kit.,hhc-1234513,Fashion,8800,"Sales Package Main Unit, Extra Foil Head, Cleaning Brush, Power Cord, Protective Cap

GE"
112,"Premium Quality Keratin Hair Mask / Deep Repair, Strength &amp; Frizz Control (100ml)",hhc-3274590,Fashion,3700,"Premium Quality Keratin Hair Mask – Deep Repair, Strength &amp; Frizz Control
Experience "
113,Professional Hair Cutting Trimming Clippers Beard Ear Nose 7 in 1 | SHINON.,hhc-1234610,Fashion,11900,"Body Trimmer
 	Ear/ Nose trimmer
 	Dual foil shaver
 	3 Beard combs
 	SH-1832
 	Firm "
114,Professional Hair Cutting Trimming Clippers Beard Ear Nose Rechargeable | NIkAI,hhc-1234585,Fashion,12500,"High-quality blades
 	Firm grip
 	Easy to use
 	Simple replacement of heads
 	multi-fu"
115,Shinon | Personal Care 8 In 1 Professional Trimmer Suit,hhc-1234551,Fashion,13200,"Personal Care 8 In 1 Professional Trimmer Suit
 	work time 2 hours
 	LI-ion battery
 	F"
116,Special Repairing Coconut Hair Conditioner 100ml,hhc-3274765,Fashion,3500,"Special Repairing Coconut Hair Conditioner – Deep Nourishment &amp; Damage Repair
Give yo"
117,7 Ft Ring Light Stand For Video Shooting And Photography,hhc-1042300,Gadgets,2100,"About this item

 	Made of aluminum alloy, the structure is stable and the supporting fo"
118,Creative Zip-top Can Air Humidifier USB Mist Maker Fogger with Colorful LED Light for Home Car Portable,hhc-2152216,Gadgets,3000,【Portable Mini Humidifier with Colorful Light】: This colorful light humidifier is small in
119,Vehicle Camera A9 Mini Camera WiFi Wireless Recorder HD Video Home Camcorder Night Vision Car Security Surveillance Camera,hhc-1960920,Gadgets,2200,"Product Details:

 	Full HD Brings You A Different Experience. -This nanny cams can work"
120,12 in 1 Makeup Deal  Foundation Eye shadow Lip gloss Makeup Fixer Powder Mascara Eyeliner,hhc-1949693,Health & Beauty,5000,"12 in 1 Makeup Deal
&nbsp;

Material: Liquid, Cream, Powder

Package Includes: 

 	"
121,12Pcs Multi Shape Brush Black Handle,hhc-890635,Health & Beauty,2200,"12pcs brush set
Oil Painting
- Ink Painting
- Gouache Painting
- Plein Air Painting
&"
122,3 in1 eyelash curler for women's,hhc-875836,Health & Beauty,849,"product details

 	easy to use for eyelash
 	3 in1 eyelash curler tools
 	

[video w"
123,5 in 1 Miss Rose Deal,hhc-1922011,Health & Beauty,1900,"&nbsp;

&nbsp;

5 in 1 Miss Rose Deal

Pack of 5
Material: Cream, Powder
Package I"
124,7 Days Whitening Serum with the power of Vitamin B5 (5ml),hhc-1880260,Health & Beauty,899,"description









 	













7 Days Whitening Serum is a d"
125,Aloe Vera Face Wash Gel Based 100ml,hhc-3274735,Health & Beauty,2300,"Aloe Vera Face Wash – Hydrate, Soothe, and Refresh NaturallyRefresh your skin with the cal"
126,Aloe Vera Foot Soak - 100ml | Moon Touch | Best Quality Foot Soak,hhc-2879348,Health & Beauty,799,"Aloe Vera Foot Soak - 100ml | Moon Touch | Best Quality Foot Soak
Moon Touch Aloe Vera Fo"
127,Aloe Vera Hair Removal Wax / Creamy Hair Removal Wax 300g approx.,hhc-1960784,Health & Beauty,1900,"about this item
Aloe Vera Hair Removal Wax


 	Use with Fingers &amp;Strips Also
 	Re"
128,Aloe Vera Soothing Lotion (120ml),hhc-1875603,Health & Beauty,999,"product details

 	Aloe Vera Soothing Lotion 120ml approx.
 	By Moon Touch"
129,Anti Acne Tea Tree Serum 5ml,hhc-1879863,Health & Beauty,499,"description









 	Introducing our Anti-Acne Tea Tree Serum, a powerful solu"
130,Baby miss Double Wax Warmer Electric Wax Warmer Professional Machine for Hair Removal.,hhc-1235503,Health & Beauty,9100,"FLEXIBLE AND CONVENIENT -- Independent double switch and double oven design
 	BEAUTIFUL A"
131,BaBymiss | Pro Wax Heater without movable bucket.,hhc-1235695,Health & Beauty,5200,"Product details of Pro Wax Heater




 	• Stylish design
 	• Temperature control reg"
132,BIOAQUA Blueberry Essence Tender Beautiful Skin Whitening Moisturizing Cream,hhc-3202275,Health & Beauty,1300,"BIOAQUA Blueberry Essence Tender Beautiful Skin Whitening Moisturizing Cream:
&nbsp;
Rea"
133,Body wax-pro | Double Wax Warmer Electric Wax Warmer Professional Machine for Hair Removal.,hhc-1235481,Health & Beauty,8800,"FLEXIBLE AND CONVENIENT -- Independent double switch and double oven design
 	BEAUTIFUL A"
134,"Brightening Clay Mask 50ml / reduce hyperpigmentation, and restore your skin's natural brilliance",hhc-3275377,Health & Beauty,1200,"Tired of dull, lackluster skin? Our Brightening Clay Mask (50ml) is your solution! This de"
135,Brightness Expert Serum (Restore natural glow) 5ml,hhc-1879895,Health & Beauty,499,"description









 	





Brightness Expert Serum is a scientifically-f"
136,Crack Foot Cream 50ml / Moisturising Foot Cream That Heals Cracked And Dry Heels,hhc-3278988,Health & Beauty,1200,"Crack Foot Cream 50ml  Intense Repair for Dry, Cracked HeelsSoothe and heal dry, cracked f"
137,Creamy Hair Removal Wax 300g,hhc-1326550,Health & Beauty,1900,"about this item
Creamy Hair Removal Wax


 	Use with Fingers &amp;Strips Also
 	Remov"
138,Creamy Pink Rose Face Wash 100ml,hhc-3274389,Health & Beauty,2600,"Pink Rose Face Wash – Gentle Cleansing, Radiant GlowElevate your skincare routine with our"
139,Creamy Whitening Face Wash (90g) Approx.,hhc-1331099,Health & Beauty,1600,"about this item






Creamy Whitening Face Wash By Moon Touch

Gentle Cleansing:"
140,Dingling trimmer 09 original..with different combs inside chargeable,hhc-1116121,Health & Beauty,12000,"Multifunctional Rechargeable Hair Trimmer/Shaver
 	Premium Quality Hair Trimmer/Clipper/S"
141,Doctor  Posture magnetic inside Support Adjustable For Men And Women (white color ),hhc-1119005,Health & Beauty,999,"Product Details :


 	magnetic inside  Posture Support Adjustable For Men And Women. Ad"
142,"Eye Massager, Portable Electric Eye Care Massager Electric Relieve Fatigue Healthy Migraine Mask for Eye Fatigue, Dry Eyes and Dark Circles - Cell Operated",hhc-1072530,Health & Beauty,2900,"product detailsProfessional eye care: including 22 silicone finger massager heads, each wi"
143,"Face Pro Deal - Makeup Fixer, Foundation(Random Shade), 2-in-1 Face Powder(With Puff), Loose Powder, Primer",hhc-1949820,Health & Beauty,3300,"Face Pro Deal
&nbsp;

 	Material: Liquid, Cream, Powder
 	Pack of 5

&nbsp;

Packa"
144,Fruity Pink Skin Polisher Hyperpigmentation -Reduces dark spots on skin,hhc-1323160,Health & Beauty,3500,"Fruity Skin Polish By Moon Touch
🍓 Fruity Pink Polisher🍓
-Gives Instant Whitening
-Prov"
145,Glutathione Serum (Even out complexion &amp; Fades Pigmentation) 5ml,hhc-1879951,Health & Beauty,599,"description









 	Moon Touch Glutathione Face Serum is an effective and saf"
146,Gold Skin Polisher (Pump Set) 650ml,hhc-1323196,Health & Beauty,4600,"• Gold-infused Skin Polisher: Get a radiant glow!

• High-Quality Formula: Ideal for Hom"
147,Hand &amp; Foot Glowing Mask 100g | Best Quality Mask,hhc-2908734,Health & Beauty,1400,"Hand &amp; Foot Glowing Mask 100g | Best Quality Mask
Hand &amp; Foot Glowing Mask 100g i"
148,Hyaluronic Acid Serum (Pore-Reducing &amp; Skin-Lifting) 5ml,hhc-1879826,Health & Beauty,499,"description









Our Hyaluronic Acid Serum provides pore-reducing and skin-l"
149,Kaolin Clay Mud Mask 50ml / Deep Cleansing: Removes impurities and excess oil from the skin.,hhc-3279028,Health & Beauty,1200,"Kaolin Clay Mud Mask 50ml – Purify, Detoxify, GlowExperience a deep cleanse with our Kaoli"
150,Keratin Hair Care Balance Hair Shampoo &amp; Hair Treatment – (500ml),hhc-777264,Health & Beauty,999,"Gradually Helps Increase Hair Strength, Shine
 	Help Restore Hair Thickness
 	Increase a"
151,leg massager cell operated,hhc-1120037,Health & Beauty,3600,"product details

 	vibration massager is leg massager, with its attractive appearance, c"
152,MAC BB Whitening Foundation Cream,hhc-2011373,Health & Beauty,699,* Size: 40Ml * Material: Liquid It has high coverage over your skin. * It covers scars and
153,Magic Waterproof 3D Blush,hhc-1922140,Health & Beauty,1600,"&nbsp;

Magic Waterproof 3D Blush

* Matte Finish
* Color: Pink
* Package Includes: "
154,Mint Cleanser 50ml,hhc-3278957,Health & Beauty,1200,Revitalize Your Skin with Mint Cleanser 50mlRefresh and purify your skin with our Mint Cle
155,Moon Touch Facial Range 6Pcs - 500g | Best Quality Facial Kit,hhc-2908711,Health & Beauty,16400,"Moon Touch Facial Range 6Pcs | Best Quality Facial Kit
Moon Touch Facial Range 6Pcs - 500"
156,Nude Matte 6 Pcs Lip Gloss,hhc-1922173,Health & Beauty,1900,"6 Pcs Nude Lipgloss

Size: Pack of 6

• Material: Cream
• Texture: Matte
• Pack Of: "
157,Peach Bleach Cream With Powder | Best Quality Cream With Powder,hhc-2914348,Health & Beauty,3700,"Peach Bleach Cream With Powder | Best Quality Cream With Powder
Peach Bleach Cream with P"
158,Premium Moisturizer Cream 50ml  Improves Skin Texture &amp; Hydration,hhc-3275385,Health & Beauty,1200,"Experience deep hydration with our premium Moisturizer Cream 50ml. This lightweight, non-g"
159,Professional Eye Lashes Curler,hhc-890178,Health & Beauty,499,"100% Brand New and High quality
 	Stainless steel body silicone pad eyelash curler
 	The"
160,Relax Massage Oil (100ml),hhc-1918509,Health & Beauty,1200,"Relax Massage Oil Is Specially Formulated, Its Aromatic, And Nourishing Liquid Blend Desig"
161,Remington Crimper Digital - Keratin protect Intelligent Straightener,hhc-1092157,Health & Beauty,6300,"DESCRIPTION:


 	Brand: Remington
 	Quality Copy
 	Model: AK-1014
 	100% Original
 "
162,Retinol Renewal Serum for Restoring Skin Barrier (approx. 0.35%) 5ml,hhc-1880212,Health & Beauty,849,"description









 	









Rebuild your skin barrier and reduce "
163,Rose Skin Shiner (100ml) Soothing and hydrating for all skin type,hhc-1880356,Health & Beauty,899,"product details

 	 Soothing offers a calming and hydrating effect for the skin, while p"
164,Secret Intimate Whitening Cream 75ml,hhc-3274792,Health & Beauty,4300,"Private Parts Secret Whitening Cream – Intimate Brightening &amp; Nourishing Formula
Reve"
165,"Slique Hair Remover, hair Removal Tool,Threading Beauty Tool for Women",hhc-909932,Health & Beauty,1200,"FeaturesOriginal threading facial hair removerSmall and light weight, take it easily when "
166,Soft Base Chocolate (Contour) 10g,hhc-1330989,Health & Beauty,2200,"about this item
Moon Touch's Soft Base Chocolate (Contour) 10grm is a creamy contour that"
167,Soft Base Orange (Corrector) 10g,hhc-1331027,Health & Beauty,2200,"about this item
Moon Touch's Soft Base Orange (Corrector) 10g
is a creamy contour that w"
168,"Student Makeup Deal - Makeup Fixer, Foundation (Random Shade), Mascar (Random Color) Liquid Blush, Eyeliner, Primer, Blender (Random Color)",hhc-1949804,Health & Beauty,3400,"Student Makeup Deal
&nbsp;

 	Material: Liquid, Cream

&nbsp;

Package Includes: 
"
169,Vitamin E Serum (antioxidant protection &amp; moisturization) 5ml,hhc-1880118,Health & Beauty,599,"description









 	









Vitamin E Serum by Moon Touch is form"
170,Whitening Serum (Enhanced Glow &amp; Brightened Complexion) 5ml,hhc-1880181,Health & Beauty,649,"description









 	













Achieve a brighter complexion"
171,"Zafarani Facial Set 50ml , hydrated, glowing skin with Zafarani's Facial Set",hhc-1323124,Health & Beauty,6900,"I

Zafarani Facial Range 

Cleansing Milk

Deep Cleanser

Massage Cream

Multi A"
172,1 Pc foldable traveling hanger (random color),hhc-890653,Home & Living,299,"Product details

 	Foldable: Foldable design, easy to store and save space when not in u"
173,10Pcs Multi-function Spit Bone Dish Household Food Grade Plastic Spit Bone Dish Round Square Set Dining Table Garbage Plate 2 Ratings,hhc-798118,Home & Living,1200,"product details

 	10Pcs Multi-function Spit Bone Dish Household Food Grade Plastic Spit"
174,1Pc Silicone Spatula Dishes Baking Mix Set Pastry Tools,hhc-988443,Home & Living,949,1. Hygienic: the hard silicone surface on these kitchen utensils does not mean that bacter
175,2 Islamic Wall Decor Kaaba Wall Art 8×11 (1pcs Size) Inches Abstract Allah Muhammed Art,hhc-3723739,Home & Living,1500,Size : 8x11inchesWooden MaterialHigh Quality Digital Printing.   Sticky tape attached at t
176,2 pcs set (Metal Stand + Tap) ( Without Bottle),hhc-766788,Home & Living,2400,"About this item

 	Water stand and valve perfect for consistently having accessible wate"
177,3d unique style butterfly wall clock I Wooden Wall Clock  with light,hhc-2131059,Home & Living,1400,Wall Clock I The New  Wall Clock   I Wall Clock   Wall Clock I Wall clocks for bedroom I Q
178,3d wall art calligraphy  – Wall Decoration Wooden Wall Art,hhc-2126716,Home & Living,799,"Description
Metrial wood
Size 12 inch
Thickness 3mm lasani wood"
179,3d wall art Islamic Calligraphy - Wall Decoration  Wooden Wall Art,hhc-2126154,Home & Living,1600,"Islamic Calligraphy Wall Frames, a captivating blend of elegance and spirituality. These a"
180,3d wall art Islamic calligraphy – Wall Decoration Wooden Wall Art,hhc-2126673,Home & Living,1600,"Description
Metrial wood
Size 16 inch
Thickness 3mm lasani wood"
181,3d wall art Islamic Calligraphy – Wall Decoration Wooden Wall Art,hhc-2126472,Home & Living,1600,"Affordable and Looks Beautiful
 	It is Unframed to give it the most beautiful look on you"
182,3d wall art Smile Elegant Smiley Calligraphy Wall Hanging Home Decor,hhc-2180309,Home & Living,949,"3d wall art Smile
Enhances Any Home With On-trend Style And Beautiful Eye-catching Modern"
183,3D Wall Clock bike style Wooden Wall Clock  with light,hhc-2131171,Home & Living,1400,Wall Clock I The New  Wall Clock   I Wall Clock   Wall Clock I Wall clocks for bedroom I Q
184,3d wall clock with light Wooden Wall Clock,hhc-2126081,Home & Living,1400,3D Jungle Wooden Wall Clock Numeral Quartz Watch DIY Design Decoration Piece for Home Deco
185,3d wall clock Wooden Wall Clock,hhc-2116127,Home & Living,1200,Wooden Wall Clock-3D Watch DIY Design Decoration Birds Numeral Quartz For Home Decor Livin
186,3D Wooden Clock With Premium Design I The New Wooden Wall Clock,hhc-2116029,Home & Living,1300,The New Wooden Wall Clock Big Size I Wall Clock I Wooden Wall Clock I Wall clocks for bedr
187,3PCS Arabic Calligraphy Quran Verse Wall Frame Set: Art for Bedroom and Drawing Room Decor | Home Decor | Wall Decor Frames | Wall hangings | wall Decoration Piece | Decoration item | Home Decoration | Arabic Calligraphy,hhc-3407701,Home & Living,2000,Elegant Arabic Calligraphy: Features SubhanAllah and Alhamdulillah in beautiful Arabic cal
188,3Pcs Cake Scraper Edge Decorating Cooking Cutters Set,hhc-988252,Home & Living,399,This Cake Icing Scraper Plastic 3Pcs Set is a must-have for any baking enthusiast. Made fr
189,"3Pcs set of Subhanallah, Allhamdulillah, Allahu Akbar sticky Photo Tile Wooden Material wall frames for home decor",hhc-3258312,Home & Living,149,No of Frames: 3Size : 8x11 and 12x16 inches Wooden Material High Quality Digital Printing.
190,"4Pc Set Food Sealing Clip Carrot Shape , For Food Fresh Keeping ,",hhc-798103,Home & Living,799,"product details

 	The cute-shaped carrot sealing clip is made of environmentally friend"
191,4pcs motivational sticky phototile Wooden Material wall frames for home decor (8x11inches),hhc-3257052,Home & Living,1400,No of Frames: 4Size : 8x11inches Wooden Material High Quality Digital Printing. Sticky tap
192,4pcs vintage sticky phototile wall frames for home decor 8 x 11,hhc-3257079,Home & Living,1400,No of Frames: 4Size : 8x11inches Wooden Material High Quality Digital Printing. Sticky tap
193,4pcs Wooden Islamic Wall Frame Set: Art For Bedroom And Drawing Room Decor | Home Decor | Wall Decor Frames | Wall Hangings | Wall Decoration Piece | Decoration Item | Home Decoration | Arabic Calligraphy,hhc-3678605,Home & Living,1300,2pcs Size: 8x11 inch2pcs size: 5x7 inchFrames WoodenElegant Arabic Calligraphy: Features S
194,"5Pcs islamic calligraphy wall frames, sticky phototiles, wall art home decoration",hhc-3260129,Home & Living,1700,Pack of 6 MDF Wood Islamic calligraphy Wall Decoration Pieces.Sizees: 2Frame size is 8x11 
195,"5Pcs Vintage painting wall frame home decor, wall decor",hhc-3285978,Home & Living,1600,Large Frame size 8×11 inches and small frame size is 5x7 inch■ High-Quality Printing.■ 2-3
196,6 piece PVC wall board combo for wall decoration best wall decoration item moticational quotes inpirational quotes,hhc-3284604,Home & Living,2000,Size : 8x11inches Wooden Material High Quality Digital Printing. Sticky tape attached at t
197,9 Piece Islamic Calligraphy Wall Art Set Decorative Wooden MDF Frames Sticky Photo Tiles With Double Tape 8x11 Inches,hhc-3757152,Home & Living,3200,9 Piece Islamic Calligraphy Wall Art Set Designed For Modern Home Decoration. This Elegant
198,Abbas Alamdar Wall Clock | Islamic Wall Art 3d wall clock with lights,hhc-2159808,Home & Living,1400,"Description

 	Material wood
 	Size 20 inch
 	Thickness 3mm lasani wood
 	3d wall clo"
199,Arctic Air Grip Go Portable Evaporative Cooler,hhc-1583877,Home & Living,8900,"Arctic Air Grip Go

Arctic Air Grip Go is a portable air-cooling device that's been desi"
200,Artificial Money Plant leave with Coconut stick Decorative Flowers Plants best for Home and office Décoration,hhc-2390522,Home & Living,1300,Bring Nature Indoors: Our lifelike artificial money plant is perfect for adding a touch of
201,Bird Cage 3D Wooden wall clock Decoration Items for Wall,hhc-2594665,Home & Living,1300,"3D Wooden wall clock
Description
Metrial Wooden
Size 20 inch
Thickness 3mm wooden

 "
202,"Black Color Summer Designer Stylish Shorts for Men | Black | Gym, Sports &amp; Fitness Shorts",hhc-3194939,Home & Living,999,"Black Color Summer Designer Stylish Shorts for Men | Black | Gym, Sports &amp;amp; Fitness"
203,Blueidea four head massager electric best quality,hhc-1105246,Home & Living,16300,"product details
The infrared massager with its penetrating tapping massage helps you feel"
204,Body massager  electric double Head massager,hhc-1137748,Home & Living,13100,"product details
body massager with its penetrating tapping massage helps you feel relaxed"
205,Butterfly  3D Wooden wall clock for Living Room  Decor Wall Clock,hhc-2575241,Home & Living,1200,"3D Wooden wall clock
Description
Metrial Wooden
Size 12 inch
Thickness 3mm wooden

 "
206,Butterfly Plunger Cutter Set 3pcs,hhc-1007073,Home & Living,1200,"Easy To UseBest QualityReasonable PriceAmazing Product
 	We Provide All Baking Tools &amp"
207,Dancing cactus rechargable ( with Android Cable)  (without box),hhc-728643,Home & Living,3000,Cactus Dancing Toy For Kids Decoration Holiday Gift with Recording Portable Twisting Music
208,Diaper Mummy Bag Multi-Function Waterproof - Travel Backpack,hhc-737996,Home & Living,3300,"Top Zipper Closure.
 	Snap Closure On Handles.
 	Front Zippered Pocket (With 3 Insulated"
209,"Door Hook Metal  for home , kitchen , changing rooms",hhc-797870,Home & Living,1500,"Features :

 	 hooks self adhesive hook set for homes, kitchens, offices, changing rooms"
210,Electric body massager best quality led display,hhc-1137773,Home & Living,13100,"product details
The infrared massager with its penetrating tapping massage helps you feel"
211,enjoy the ride  bicycle style Wooden Clock with light 3d wall clock,hhc-2131193,Home & Living,1400,The New  Wall Clock   Wall Clock I Wall clocks for bedroom I Quartz Watch DIY Design Decor
212,Hydra Waterproof Agent(300 gram),hhc-804491,Home & Living,899,"through your home with this Hydra sealant 
Instant Water-Tight Sealing ✅

This anti-lea"
213,Kitchen Paper Towel Hanger Holder Under Cabinet Roll Rack Space Save Organizer ( random color ),hhc-777514,Home & Living,849,"product details



 	No need to drill hole or use screws to fix,this iron roll paper h"
214,kitchen Weight scale Electronic Digital Kitchen Scale Digital Weight Machine Digital Weight Scale Digital Weighing Scale Digital Weighing Machine Digital Mini Scale Small Scale Weight Machine,hhc-695755,Home & Living,2500,"Product details
kitchen Weight scale Electronic Digital Kitchen Scale Digital Weight Mach"
215,Lighter with knife,hhc-765978,Home & Living,949,"About this item

 	Strong and sturdy construction made from stainless steel Thicker gaug"
216,Magnetic Sealing Carrot Clips Pack Of 5 with Container,hhc-876069,Home & Living,799,"About this item
🥕The cute-shaped carrot sealing clip is made of environmentally friendly,"
217,"Metal Wall art, Islamic Calligraphy design metal printed wall decor",hhc-3494952,Home & Living,1500,Unframed Metal Painting : A stylish and modern addition to your home decor.size 8x11 inchV
218,"Multifunctional Vegetable Chopper ,mandoline Chopper 6 Interchangeable Blades With Peeler",hhc-803140,Home & Living,3200,"product details

 	Want to cut softer vegetables and fruit like a Tomato? Just use a sim"
219,New Amazing 3Pcs/Set Plastic Cake Cream Spatula Dough Knife Cutter Heal Plastic Scraper Baking Pastry Decorating Tools( Random Colour ),hhc-876158,Home & Living,449,"product details

 	Create stunning confections
 	Great for creating flowers, rosettes, "
220,Non-Stick Folding omelette pan,hhc-1115239,Home & Living,5000,"Features:







 	Using food-grade high-quality materials, it has high strength, "
221,"Pack of 6 Graceful MDF Wall Hangers, Artistic Wooden Decor, Modern and decent Islamic calligraphy design, Digital printed, Decent home decoration, Excellent choice for gifting",hhc-3276159,Home & Living,2000,pre { white-space: pre-wrap; }• Premium quality digital printed Islamic calligraphy wall d
222,Pen Vase Pencil holder Makeup Brush Holder Stationery Desk Tidy Container( random color ),hhc-883326,Home & Living,699,product detailsSpecial porous couple creative toothbrush holder toothpaste mouthwash multi
223,Qul Ya Ayyuhal Kafirun - Islamic Surah Kafirun 3d wall Decor clock with light for home and office decoration,hhc-2171338,Home & Living,1400,3d wall clock with liQul Ya Ayyuhal Kafirun - Islamic Surah Kafirun 3d wall Decor clock wi
224,Racing Cars JDM Honda Civic Lamborgini Supra wall posters wall decorations for any room,hhc-3690022,Home & Living,1500,■  2pcs Size : 8×11 inches 4pcs Size : 5x7 inches ■ High-Quality Printing. ■ 2-3mm thick w
225,Roman Numbers Clock Gold Frame and Black Clock | Wall Decor | Wall Clock 3D acrylic Wall clock,hhc-2613585,Home & Living,2600,"Roman numerals are mounted on the clock
 	easy to read from all the viewing angles.
 	It"
226,Seal Pour Food Storage Bag Clip Snack Sealing Clip Fresh Keeping Sealer Clamp Plastic Helper Food Saver Travel Kitchen Gadgets,hhc-776248,Home & Living,399,"product details

 	Seal Pour Food Storage Bag Clip
 	Snack Sealing Clip
 	Fresh Keepin"
227,Set Of 3 Flowers Art Wooden Frames For Wall Decoration / Sticky Photo Tiles,hhc-3442541,Home & Living,1200,Wall frame for room decoration Material : Wooden Board and Photopaper Size : 11 inches hei
228,Set Of 3 Flowers Art Wooden Frames For Wall Decoration / Sticky Photo Tiles,hhc-3313376,Home & Living,1200,Wall frame for room decoration Material : Wooden Board and Photopaper Size : 11 inches hei
229,Set of 3 gaming text neon wall frames / Wall frame for room decoration,hhc-2654687,Home & Living,949,Wall frame for room decoration Material : Wooden Board and Photopaper Size : 11 inches hei
230,Set Of 6 Motivational Art Wooden Frames For Wall Decoration / Sticky Photo Tiles,hhc-3302791,Home & Living,2000,Wall frame for room decoration Material : Wooden Board and Photopaper Size : 11 inches hei
231,Set Of 6 Motivational Art Wooden Frames For Wall Decoration / Sticky Photo Tiles,hhc-3296168,Home & Living,2000,Wall frame for room decoration Material : Wooden Board and Photopaper Size : 11 inches hei
232,Set Of 6 Motivational Wooden Canvas Frames For Wall Decore / Sticky Phototiles Frames,hhc-3284424,Home & Living,2000,Size : 8x11inches Wooden Material High Quality Digital Printing. Sticky tape attached at t
233,Set Of 6 Motivational Wooden Canvas Frames For Wall Decore / Sticky Phototiles Frames,hhc-3284394,Home & Living,2000,Size : 8x11inches Wooden Material High Quality Digital Printing. Sticky tape attached at t
234,Set Of 6 Motivational Wooden Canvas Frames For Wall Decore 8x11 inches size / Sticky Phototiles Frames,hhc-3606011,Home & Living,2000,PRODUCT DESCRIPTION :■  Size : 8×11 inches ■ High-Quality Printing. ■ 2-3mm thick wooden b
235,Set Of 6 Motivational Wooden Canvas Frames For Wall Decore 8x11 inches size / Sticky Phototiles Frames,hhc-3605649,Home & Living,1900,■ Size : 8×11 inches ■ High-Quality Printing. ■ 2-3mm thick wooden back frame. ■ No additi
236,Set Of 6 Motivational Wooden Canvas Frames For Wall Decore 8x11 inches size / Sticky Phototiles Frames,hhc-3605640,Home & Living,1900,Size 8×11 inches ■ High-Quality Printing. ■ 2-3mm thick wooden back frame. ■ No additional
237,Silicon Sleeping Baby Mold,hhc-1007121,Home & Living,2100,This Silicon Sleeping Baby Mold is a must-have for any baking enthusiast! Perfect for crea
238,"Silicone Bottle Cleaning Brush With Long Handler Milk Bottle Brush , Cup Brush",hhc-803395,Home & Living,499,"product details

 	Multipurpose Cleaning Tools - Silicone bottle cleaning brush is desig"
239,"Silicone Iron Rest Cushion | Versatile for Ironing Board, Heat Resistant Mat, Heat Resistant Silicone Iron Rest Pad",hhc-775862,Home & Living,1200,"product details

 	The mat adopts high quality food grade silicone, high temperature res"
240,Silicone Kitchen Shower Splash Faucet Water-saving Filter Shower Water Rotating Spray Regulator(Random color),hhc-766533,Home & Living,649,It's only for round a long spouts and faucet 15mm diameter . It have switch can transfer w
241,Six Rows of sticky hook Storage Holder Multipurpose (Random Color),hhc-906518,Home & Living,799,"Description:

 	With an adhesive design, this wall hanging hooks can be easily installed"
242,skin color Royal Posturm Spine Support Belt Adjustable Adult Corset Posture Correction Belt Body  Health Care  magnetic inside,hhc-1116197,Home & Living,2300,Royal Posturm Spine Support Belt Adjustable Adult Corset Posture Correction Belt Body Heal
243,Stainless Steel Peeler Potato Peeler Kitchen Accessories Tools Fruits Peeler Vegetable Peeler Pack of 1,hhc-988579,Home & Living,499,"Multifuntional Sharper &amp; Quicker Peel
 	Light weight Steel Peeler
 	No worry about r"
244,Thumb knife (one finger+ one thumb knife gloves),hhc-767565,Home & Living,599,"Farm Fruit Picker Tip Picker Iron Nail Pick

texture of material : silica gel

Scope o"
245,Wall Hanging Wireless WIFI Router Shelf Storage Box Wire Cable Storage Bag Power Cable Organizer Bracket Plug Board Storage Box,hhc-3704436,Home & Living,5800,Tidy and orderly storage solution: The router power socket storage box provides a tidy and
246,Wooden 3D Wall Clock Modern Design Flower Cut Living Room Decoration Kitchen Clock Art,hhc-2575183,Home & Living,1200,"3D Wooden wall clock
Description
Metrial Wooden
Size 12 inch
Thickness 3mm wooden

 "
247,Ya ali madad 3D wall Clock Islamic Wall Clock,hhc-2131149,Home & Living,1800,New Islamic   Wall Clock I The New  Wall Clock   I Wall Clock   Wall Clock I Wall clocks f
248,Ya Hayyu Ya Qayyum 3d wall clock  with light Islamic Wooden Wall Clock,hhc-2131272,Home & Living,1400,"This Islamic wooden wall clock features the invocation ""ya hayyu ya qayyum"" to remind and "
249,"HY Boutique Lot Lining Screen Print Full Sleeve T-Shirt – Premium Quality, Smart Look, Good Stitching, Fashionable Design (Sizes M, L, XL) (Copy)",hhc-3752266,Other,1700,"Product Details:
HY Boutique Lot Lining Screen Print Full Sleeve T-Shirt – Premium Qualit"
250,5Pcs Small Palette Knife,hhc-890527,Tools & DIY,1200,"About this item
The palette knife is made of high-quality wood handles and a flexible sta"
251,6ML x 12 tubes Acrylic Oil Glass Water Fabric Colour Paint Set - Pack Of 12 (6ml in each tube),hhc-890686,Tools & DIY,1200,"product details

 	Pack of 12 tubes
 	6ml in each tube (different colors)
 	Excellent "
252,6x6Inches Different Printed outline Designs Canvas board with Acrylic Colours and a Paint Brush ( Random Designs  ),hhc-890613,Tools & DIY,749,"product details

 	Canvas pre-printed outline designs (different designs airoplane, Butt"
253,Small Water Colour Palette with Brush,hhc-890564,Tools & DIY,449,
